{"protected":{"ver":"v1","alg":"none","iat":1625252817},"signature":"none","payload":{"device_name":"ESP32","device_type":"ESP32","interval_ms":50,"sensors":[{"name":"accX","units":"m/s2"},{"name":"accY","units":"m/s2"},{"name":"accZ","units":"m/s2"}],"values":[[-7.99,-9.15,4.63],[-3.43,-7.27,6.85],[-23.84,-4.87,17.75],[-4.26,3.42,13.46],[-1.08,-3.59,-2.39],[3.27,4.5,10.41],[4.65,3.87,9.67],[3.73,-0.71,6.85],[3.59,-2.54,5.78],[1.4,-4.85,5.31],[-0.52,-6.15,6.38],[-2.94,-7.74,5.53],[-5.61,-9.52,5.28],[-7.79,-10.24,5.3],[-7.97,-9.2,4.55],[-7.82,-8.78,3.78],[-8.78,-8.77,4.24],[-10.83,-8.37,4.9],[-9.06,-7.12,4.21],[-7.35,-5.82,3.8],[-7.82,-5.54,3.82],[-8.64,-5.16,4.21],[-6.55,-4.59,3.86],[-8.74,-4.25,4.09],[-8.44,-4.47,4.43],[-5.94,-4.28,4.19],[-10.07,-4.41,4.44],[-8.96,-4.46,4.48],[-8.33,-4.88,4.7],[-7.63,-5.05,4.8]]}}