{"protected":{"ver":"v1","alg":"none","iat":1625252817},"signature":"none","payload":{"device_name":"ESP32","device_type":"ESP32","interval_ms":50,"sensors":[{"name":"accX","units":"m/s2"},{"name":"accY","units":"m/s2"},{"name":"accZ","units":"m/s2"}],"values":[[5.36,6.99,2.78],[4.67,7.42,2.73],[3.57,8.58,2.69],[2.05,10.24,3.28],[1.65,11.36,4.25],[-1.75,11.76,6.02],[-8.13,14.14,9.86],[-15.31,14.93,15.12],[-30.03,9.94,23.3],[-39.24,-13.98,29.7],[-39.24,-39.24,14.51],[-39.24,-39.24,-10.2],[-34.99,-39.24,-12.06],[-26.29,-31.79,-16.34],[-27.01,-15.39,-12.55],[-24.39,-0.34,-10.2],[-11.38,12.12,-12.33],[-3.24,12.55,-9.92],[0.64,11.22,-10.32],[2.11,5.61,-10.55]]}}