{"protected":{"ver":"v1","alg":"none","iat":1625252817},"signature":"none","payload":{"device_name":"ESP32","device_type":"ESP32","interval_ms":50,"sensors":[{"name":"accX","units":"m/s2"},{"name":"accY","units":"m/s2"},{"name":"accZ","units":"m/s2"}],"values":[[4.51,6.99,4.35],[4.25,7.24,4.18],[3,8.87,3.77],[1.22,10.43,3.45],[-0.38,11.57,3.73],[-3.37,12.62,5.44],[-8.02,14.13,9],[-16.7,15.14,15.23],[-37.1,3.97,27.26],[-39.24,-20.29,34.15],[-39.24,-39.24,20.07],[-39.24,-39.24,-8.96],[-39.24,-35.12,-18.14],[-33.12,-22.76,-21.51],[-22.14,-10.01,-17.82],[-14,-2.63,-15.74],[-6.45,2.69,-12.45],[-1.5,4.9,-10],[2.01,4.33,-8.9],[4.88,4.65,-8.68]]}}