{"protected":{"ver":"v1","alg":"none","iat":1625252817},"signature":"none","payload":{"device_name":"ESP32","device_type":"ESP32","interval_ms":50,"sensors":[{"name":"accX","units":"m/s2"},{"name":"accY","units":"m/s2"},{"name":"accZ","units":"m/s2"}],"values":[[2.38,-4.47,1.37],[3.26,-5.19,-2.92],[3.53,-6.58,-9.08],[3.68,-9.47,-15.02],[2.87,-11.15,-24.97],[5.78,-11.58,-32.14],[-1.75,-11.54,-26.14],[-30.7,-11,-21.59],[-39.24,-11.18,-15.18],[-39.24,-9.81,15.23],[-39.24,-8.58,39.24],[-23.13,-6.53,39.24],[-13.1,-3.09,32],[-14.66,-3.33,23.77],[-12.53,-5.19,17.4],[-8.23,-8.98,15.88],[-4.3,-9.81,14.12],[-1.2,-9.58,12.29],[-1.08,-8.7,9.34],[-0.31,-8,7.18]]}}