{"protected":{"ver":"v1","alg":"none","iat":1625252817},"signature":"none","payload":{"device_name":"ESP32","device_type":"ESP32","interval_ms":50,"sensors":[{"name":"accX","units":"m/s2"},{"name":"accY","units":"m/s2"},{"name":"accZ","units":"m/s2"}],"values":[[-3.44,-8.94,-37.94],[-6.08,-8.99,-39.24],[-14.89,-8.72,-21.46],[-32.57,-9.93,18.79],[-16.34,0.24,35.84],[2.48,6.67,27.97],[12.74,9.02,20.38],[11.96,8.83,15.34],[10.43,9.31,9.95],[6.88,6.39,8.83],[7.33,2.43,7.47],[6.19,-0.67,6.51],[5.93,-2.08,7.21],[4.92,-1.77,8.1],[7.3,-2.94,6.76],[7.44,-1.97,5.79],[10.11,-1.07,5.13],[7.91,-0.53,4.2],[6.83,-1.51,4.76],[6.45,-3.49,6.23]]}}