{"protected":{"ver":"v1","alg":"none","iat":1625252817},"signature":"none","payload":{"device_name":"ESP32","device_type":"ESP32","interval_ms":50,"sensors":[{"name":"accX","units":"m/s2"},{"name":"accY","units":"m/s2"},{"name":"accZ","units":"m/s2"}],"values":[[3.99,-8.42,11.95],[4.04,-7.5,9.39],[2.97,-5.71,7.07],[2.96,-3.42,3.12],[3.48,-2.25,-2.17],[2.29,-2.43,-8.23],[2.9,-3.55,-12.6],[2.42,-7.1,-19.55],[-1.83,-10.61,-24.63],[-13.39,-12.41,-32.21],[-36.18,-9.02,-23.17],[-39.24,-1.78,17.21],[-39.24,9.02,38.24],[-9.88,15.66,39.24],[3.89,12.31,30.23],[4.02,10.25,25.22],[2.19,4.34,17.3],[5.53,0.89,10.82],[2.36,-4.52,8.61],[1.66,-7.44,10.59]]}}