{"protected":{"ver":"v1","alg":"none","iat":1625252817},"signature":"none","payload":{"device_name":"ESP32","device_type":"ESP32","interval_ms":50,"sensors":[{"name":"accX","units":"m/s2"},{"name":"accY","units":"m/s2"},{"name":"accZ","units":"m/s2"}],"values":[[3.27,-6.62,8.4],[2.01,-3.15,7.61],[-39.24,1.67,-16.07],[-39.24,-12.57,-3.36],[-39.24,-28.54,26.49],[-39.24,-24.15,39.24],[-23.14,2.48,39.24],[-5.92,6.79,39.05],[-10.38,6.77,30.4],[-11.15,-2.2,27.63],[-6.68,-5.32,22.26],[-7.2,-4.92,18.57],[-7.71,-3.5,15.38],[-8.7,-2.34,11.09],[-8.76,-1.92,9.15],[-6.8,-2.14,8.63],[-3.8,-2.43,9.32],[-5.07,-2.16,10.28],[-2.05,-2.65,8.19],[-0.45,-3.62,5.99]]}}