{"protected":{"ver":"v1","alg":"none","iat":1625252817},"signature":"none","payload":{"device_name":"ESP32","device_type":"ESP32","interval_ms":50,"sensors":[{"name":"accX","units":"m/s2"},{"name":"accY","units":"m/s2"},{"name":"accZ","units":"m/s2"}],"values":[[2.08,-1.24,-10.77],[2.21,0.01,-14.26],[-0.32,0.26,-22.24],[-11.72,0.11,-33.34],[-32.56,0.2,-30.47],[-39.24,-7.34,-10.19],[-39.24,-11.1,22.86],[-39.24,-2.5,39.24],[-20.66,4.15,39.24],[-13.56,7.53,36.56],[-16.61,5.89,34.96],[-14.56,2.2,28.71],[-8.52,-2.76,25.67],[-6.11,-3.98,21.8],[-3.98,-5.59,16.75],[-3.61,-4.94,13.38],[-6,-4.92,12.12],[-7.98,-6.67,11.42],[-7.31,-9.11,9.04],[-10.47,-8.45,7.68]]}}